{
  "id": "5a8d1568-76eb-41c3-9203-51fd108f8dd8",
  "generation": 0,
  "iteration": 0,
  "timestamp": 1748649427.2852752,
  "parent_id": null,
  "metrics": {
    "auc": 1.0
  },
  "language": "python",
  "saved_at": 1748649528.632767
}